Date,Product,Units_Sold,Unit_Price,Region
2024-05-01,Towel,457,600,Lahore
2024-12-04,Towel,174,600,Karachi
2024-12-28,Socks,370,200,Faisalabad
2024-06-06,Shirt,368,950,Lahore
2024-10-13,Shirt,444,950,Lahore
2024-01-16,Shirt,310,950,Faisalabad
2024-12-10,Towel,414,600,Karachi
2024-04-19,Trousers,288,1200,Faisalabad
2024-05-28,Trousers,221,1200,Karachi
2024-06-29,Shirt,362,950,Karachi
2024-12-15,BedSheet,516,2500,Karachi
2024-07-08,Towel,555,600,Multan
2024-05-18,Trousers,270,1200,Karachi
2024-02-20,BedSheet,428,2500,Lahore
2024-11-03,BedSheet,290,2500,Karachi
2024-02-08,Towel,301,600,Karachi
2024-01-08,Trousers,346,1200,Lahore
2024-09-19,Towel,493,600,Karachi
2024-12-08,Shirt,224,950,Faisalabad
2024-03-27,BedSheet,279,2500,Karachi
2024-01-04,Socks,269,200,Faisalabad
2024-07-06,Towel,292,600,Faisalabad
2024-02-08,Shirt,377,950,Multan
2024-05-25,BedSheet,446,2500,Multan
2024-05-08,Trousers,337,1200,Karachi
2024-09-12,Shirt,367,950,Karachi
2024-06-07,Socks,281,200,Karachi
2024-06-22,BedSheet,136,2500,Lahore
2024-10-18,Socks,369,200,Karachi
2024-08-11,Trousers,471,1200,Lahore
2024-05-21,Towel,395,600,Faisalabad
2024-08-21,Shirt,363,950,Multan
2024-03-25,Trousers,206,1200,Karachi
2024-11-28,Towel,427,600,Faisalabad
2024-07-30,Trousers,426,1200,Lahore
2024-10-08,Towel,396,600,Faisalabad
2024-02-16,Socks,248,200,Faisalabad
2024-08-04,Towel,377,600,Faisalabad
2024-09-23,BedSheet,556,2500,Faisalabad
2024-10-09,Socks,329,200,Faisalabad
2024-01-01,Trousers,442,1200,Lahore
2024-09-13,Trousers,511,1200,Karachi
2024-02-25,BedSheet,239,2500,Multan
2024-07-26,Socks,286,200,Multan
2024-02-29,Socks,283,200,Lahore
2024-09-18,Towel,256,600,Karachi
2024-03-01,Shirt,292,950,Faisalabad
2024-03-02,BedSheet,376,2500,Lahore
2024-03-27,Towel,289,600,Lahore
2024-10-07,Trousers,444,1200,Lahore
2024-11-25,BedSheet,378,2500,Faisalabad
2024-01-27,Socks,392,200,Karachi
2024-03-25,Towel,468,600,Multan
2024-11-28,BedSheet,419,2500,Lahore
2024-03-10,Towel,349,600,Karachi
2024-09-12,BedSheet,349,2500,Faisalabad
2024-02-18,Socks,366,200,Karachi
2024-02-28,Shirt,155,950,Multan
2024-05-08,Towel,213,600,Lahore
2024-12-07,BedSheet,113,2500,Multan
2024-11-14,Shirt,357,950,Multan
2024-05-06,Trousers,357,1200,Karachi
2024-04-27,Trousers,249,1200,Faisalabad
2024-12-30,Towel,379,600,Multan
2024-08-18,Socks,283,200,Lahore
2024-07-18,Trousers,420,1200,Karachi
2024-01-14,Trousers,322,1200,Lahore
2024-06-26,Shirt,313,950,Faisalabad
2024-09-23,Trousers,430,1200,Karachi
2024-03-09,Socks,361,200,Faisalabad
2024-07-04,Socks,251,200,Lahore
2024-05-12,BedSheet,400,2500,Faisalabad
2024-02-10,Trousers,198,1200,Karachi
2024-08-29,Trousers,320,1200,Karachi
2024-08-03,Towel,194,600,Karachi
2024-05-08,Socks,319,200,Multan
2024-09-23,Trousers,306,1200,Multan
2024-04-27,Towel,271,600,Karachi
2024-04-04,Towel,305,600,Faisalabad
2024-03-26,BedSheet,428,2500,Lahore
2024-09-23,Towel,445,600,Lahore
2024-09-27,Socks,350,200,Multan
2024-03-31,Shirt,360,950,Faisalabad
2024-05-29,Trousers,481,1200,Faisalabad
2024-04-20,BedSheet,240,2500,Multan
2024-06-11,BedSheet,359,2500,Faisalabad
2024-04-01,Trousers,330,1200,Faisalabad
2024-07-17,Socks,311,200,Multan
2024-11-26,Shirt,392,950,Multan
2024-10-07,Trousers,249,1200,Lahore
2024-09-27,Trousers,386,1200,Lahore
2024-06-03,Towel,352,600,Faisalabad
2024-03-28,BedSheet,322,2500,Faisalabad
2024-08-07,Socks,503,200,Multan
2024-04-01,Socks,397,200,Multan
2024-12-06,Towel,346,600,Lahore
2024-07-31,Socks,394,200,Faisalabad
2024-05-27,Towel,391,600,Lahore
2024-05-21,Towel,339,600,Lahore
2024-03-17,Shirt,563,950,Multan
2024-04-30,BedSheet,311,2500,Karachi
2024-06-18,Towel,320,600,Karachi
2024-02-23,Towel,474,600,Karachi
2024-06-22,BedSheet,430,2500,Lahore
2024-11-25,Trousers,364,1200,Faisalabad
2024-12-19,Shirt,242,950,Lahore
2024-01-15,Trousers,391,1200,Multan
2024-07-26,Trousers,361,1200,Faisalabad
2024-12-25,Socks,223,200,Lahore
2024-08-11,Socks,421,200,Faisalabad
2024-05-09,Towel,483,600,Multan
2024-03-15,Shirt,297,950,Lahore
2024-04-19,Shirt,426,950,Karachi
2024-05-05,Shirt,339,950,Lahore
2024-10-19,Towel,410,600,Faisalabad
2024-03-26,Trousers,355,1200,Multan
2024-01-30,Trousers,198,1200,Karachi
2024-09-23,Towel,132,600,Lahore
2024-09-03,Socks,428,200,Lahore
2024-03-10,BedSheet,413,2500,Karachi
2024-10-04,Trousers,238,1200,Faisalabad
2024-01-05,Towel,412,600,Faisalabad
2024-09-13,Shirt,153,950,Karachi
2024-02-26,Socks,455,200,Lahore
2024-08-06,Trousers,258,1200,Lahore
2024-01-18,Shirt,438,950,Karachi
2024-01-23,Shirt,236,950,Karachi
2024-02-16,Shirt,464,950,Lahore
2024-07-02,Shirt,401,950,Lahore
2024-12-25,BedSheet,510,2500,Multan
2024-09-19,BedSheet,407,2500,Faisalabad
2024-03-21,Towel,292,600,Faisalabad
2024-12-18,BedSheet,400,2500,Lahore
2024-09-17,Socks,336,200,Karachi
2024-10-10,BedSheet,367,2500,Karachi
2024-10-17,BedSheet,304,2500,Lahore
2024-07-27,Towel,305,600,Karachi
2024-08-03,Shirt,356,950,Karachi
2024-07-17,Shirt,161,950,Lahore
2024-05-07,Towel,299,600,Karachi
2024-06-29,Towel,230,600,Faisalabad
2024-04-23,BedSheet,327,2500,Faisalabad
2024-05-09,Shirt,442,950,Lahore
2024-01-28,Shirt,365,950,Karachi
2024-05-24,Trousers,392,1200,Multan
2024-02-19,Socks,335,200,Karachi
2024-11-21,Trousers,372,1200,Karachi
2024-04-24,Socks,299,200,Lahore
2024-09-04,Towel,335,600,Multan
2024-07-11,Towel,434,600,Lahore
2024-10-11,BedSheet,375,2500,Karachi
2024-12-17,Towel,335,600,Lahore
2024-07-12,BedSheet,294,2500,Karachi
2024-05-04,Towel,348,600,Karachi
2024-05-14,Trousers,194,1200,Multan
2024-01-10,Towel,399,600,Lahore
2024-08-27,Socks,315,200,Multan
2024-02-09,BedSheet,313,2500,Lahore
2024-07-21,Trousers,423,1200,Karachi
2024-12-05,Towel,539,600,Karachi
2024-09-16,Shirt,251,950,Multan
2024-05-28,BedSheet,251,2500,Multan
2024-09-20,Socks,491,200,Lahore
2024-03-23,Towel,362,600,Multan
2024-11-17,Shirt,340,950,Karachi
2024-04-07,Shirt,474,950,Lahore
2024-05-01,Trousers,455,1200,Karachi
2024-12-02,Trousers,384,1200,Faisalabad
2024-05-07,Shirt,381,950,Multan
2024-09-21,Towel,301,600,Faisalabad
2024-03-23,Shirt,401,950,Faisalabad
2024-08-04,Towel,385,600,Karachi
2024-06-22,Trousers,391,1200,Multan
2024-09-12,Towel,484,600,Multan
2024-12-20,Socks,418,200,Faisalabad
2024-01-03,Trousers,536,1200,Karachi
2024-06-25,Shirt,422,950,Multan
2024-01-10,Trousers,368,1200,Faisalabad
2024-05-30,BedSheet,372,2500,Lahore
2024-06-05,BedSheet,259,2500,Faisalabad
2024-11-02,Socks,430,200,Multan
2024-12-18,Socks,433,200,Multan
2024-02-22,Socks,304,200,Karachi
2024-11-14,Towel,292,600,Lahore
2024-04-21,BedSheet,332,2500,Multan
2024-06-22,Shirt,216,950,Multan
2024-02-17,BedSheet,350,2500,Lahore
2024-10-11,Towel,362,600,Multan
2024-04-07,Towel,359,600,Faisalabad
2024-12-27,Socks,289,200,Faisalabad
2024-01-31,Socks,315,200,Multan
2024-12-13,Trousers,351,1200,Multan
2024-03-02,Socks,296,200,Lahore
2024-11-29,Socks,388,200,Multan
2024-12-25,BedSheet,207,2500,Karachi
2024-02-02,Trousers,407,1200,Multan
2024-10-16,Towel,440,600,Faisalabad
2024-01-31,Trousers,224,1200,Karachi
2024-08-01,Towel,306,600,Faisalabad
2024-01-27,BedSheet,513,2500,Lahore
2024-03-04,Shirt,298,950,Faisalabad
2024-09-01,Socks,290,200,Lahore
2024-05-20,BedSheet,384,2500,Multan
2024-12-03,BedSheet,442,2500,Lahore
2024-02-03,Socks,239,200,Multan
2024-02-06,BedSheet,360,2500,Lahore
2024-10-27,Socks,384,200,Karachi
2024-11-03,BedSheet,459,2500,Lahore
2024-04-25,BedSheet,473,2500,Lahore
2024-07-29,Towel,411,600,Lahore
2024-04-24,Socks,336,200,Multan
2024-05-15,Trousers,312,1200,Lahore
2024-04-11,Trousers,501,1200,Lahore
2024-11-21,Towel,269,600,Karachi
2024-10-04,Trousers,447,1200,Karachi
2024-09-05,BedSheet,288,2500,Lahore
2024-08-06,Shirt,339,950,Faisalabad
2024-08-15,Socks,423,200,Multan
2024-04-21,Trousers,257,1200,Multan
2024-04-11,Towel,394,600,Karachi
2024-03-30,Socks,397,200,Karachi
2024-03-20,BedSheet,245,2500,Lahore
2024-07-11,Towel,376,600,Lahore
2024-01-29,Shirt,254,950,Karachi
2024-05-19,BedSheet,431,2500,Faisalabad
2024-10-28,Shirt,467,950,Multan
2024-12-04,Trousers,422,1200,Karachi
2024-06-17,Shirt,268,950,Karachi
2024-03-30,Shirt,394,950,Multan
2024-02-13,Towel,241,600,Multan
2024-11-02,Towel,260,600,Faisalabad
2024-05-30,Socks,364,200,Faisalabad
2024-07-21,BedSheet,212,2500,Faisalabad
2024-11-04,Socks,381,200,Multan
2024-10-31,Towel,406,600,Karachi
2024-04-23,Trousers,357,1200,Multan
2024-11-08,BedSheet,396,2500,Faisalabad
2024-08-04,BedSheet,478,2500,Lahore
2024-01-30,BedSheet,298,2500,Lahore
2024-04-07,Towel,425,600,Multan
2024-10-13,Socks,369,200,Karachi
2024-03-31,BedSheet,348,2500,Lahore
2024-09-02,BedSheet,370,2500,Faisalabad
2024-06-16,Shirt,288,950,Faisalabad
2024-12-14,Socks,460,200,Lahore
2024-12-14,BedSheet,402,2500,Multan
2024-08-06,Shirt,253,950,Lahore
2024-05-04,Trousers,346,1200,Lahore
2024-12-18,Towel,408,600,Karachi
2024-02-18,Towel,423,600,Multan
2024-01-12,Socks,364,200,Multan
2024-03-22,Socks,214,200,Multan
2024-11-20,BedSheet,368,2500,Faisalabad
2024-07-30,Socks,320,200,Multan
2024-07-31,BedSheet,300,2500,Lahore
2024-12-10,Towel,442,600,Faisalabad
2024-11-11,Socks,345,200,Faisalabad
2024-12-12,Socks,335,200,Karachi
2024-05-09,Towel,196,600,Lahore
2024-04-15,BedSheet,398,2500,Lahore
2024-12-02,Trousers,293,1200,Faisalabad
2024-07-08,Shirt,450,950,Karachi
2024-12-12,Shirt,449,950,Karachi
2024-08-27,Socks,386,200,Lahore
2024-07-06,Towel,338,600,Multan
2024-06-18,Shirt,347,950,Faisalabad
2024-01-31,Shirt,293,950,Faisalabad
2024-10-16,Towel,450,600,Karachi
2024-11-03,BedSheet,420,2500,Lahore
2024-08-23,Trousers,262,1200,Karachi
2024-11-27,BedSheet,319,2500,Karachi
2024-11-09,BedSheet,359,2500,Lahore
2024-05-15,Towel,94,600,Faisalabad
2024-08-18,BedSheet,463,2500,Faisalabad
2024-03-07,Trousers,365,1200,Faisalabad
2024-11-24,Towel,433,600,Lahore
2024-09-15,Shirt,421,950,Karachi
2024-04-07,Trousers,411,1200,Karachi
2024-07-26,Socks,360,200,Multan
2024-06-19,Towel,233,600,Karachi
2024-02-04,Shirt,382,950,Multan
2024-12-24,Socks,393,200,Faisalabad
2024-08-27,Shirt,271,950,Multan
2024-04-19,Trousers,454,1200,Faisalabad
2024-02-27,Trousers,309,1200,Faisalabad
2024-04-08,Towel,357,600,Karachi
2024-05-27,Socks,202,200,Multan
2024-04-20,Socks,333,200,Lahore
2024-07-11,Towel,368,600,Faisalabad
2024-06-03,Trousers,396,1200,Faisalabad
2024-01-10,Towel,292,600,Faisalabad
2024-04-24,Towel,350,600,Karachi
2024-06-26,Trousers,509,1200,Lahore
2024-08-01,Shirt,344,950,Multan
2024-10-28,Socks,491,200,Faisalabad
2024-07-29,BedSheet,299,2500,Karachi
2024-12-02,Towel,248,600,Lahore
2024-03-17,Trousers,327,1200,Lahore
2024-08-09,Trousers,206,1200,Lahore
2024-09-01,Shirt,425,950,Faisalabad
2024-12-03,Socks,416,200,Lahore
2024-08-13,BedSheet,426,2500,Lahore
2024-07-03,Towel,420,600,Karachi
2024-02-02,Shirt,381,950,Karachi
2024-08-24,Trousers,161,1200,Multan
2024-02-11,BedSheet,502,2500,Lahore
2024-06-30,Trousers,230,1200,Faisalabad
2024-12-14,Towel,259,600,Faisalabad
2024-05-04,BedSheet,392,2500,Lahore
2024-12-10,Socks,221,200,Karachi
2024-03-10,Trousers,385,1200,Lahore
2024-11-08,Towel,379,600,Lahore
2024-08-22,Shirt,549,950,Karachi
2024-07-14,Towel,273,600,Faisalabad
2024-01-26,BedSheet,285,2500,Lahore
2024-07-08,Trousers,219,1200,Karachi
2024-05-23,Trousers,264,1200,Lahore
2024-01-06,Towel,361,600,Faisalabad
2024-11-15,Towel,406,600,Lahore
2024-05-16,Towel,390,600,Faisalabad
2024-03-09,Towel,203,600,Lahore
2024-12-05,BedSheet,287,2500,Multan
2024-12-30,Socks,466,200,Karachi
2024-07-07,Shirt,197,950,Lahore
2024-08-28,Shirt,453,950,Faisalabad
2024-01-01,Shirt,384,950,Multan
2024-10-18,Shirt,387,950,Multan
2024-06-06,Trousers,341,1200,Karachi
2024-12-01,BedSheet,313,2500,Faisalabad
2024-06-10,Socks,491,200,Karachi
2024-04-01,BedSheet,248,2500,Karachi
2024-08-19,BedSheet,408,2500,Faisalabad
2024-03-11,Shirt,526,950,Faisalabad
2024-06-27,Socks,371,200,Faisalabad
2024-07-08,Towel,282,600,Lahore
2024-08-07,Shirt,370,950,Multan
2024-08-24,Shirt,284,950,Multan
2024-09-26,Shirt,463,950,Lahore
2024-10-09,BedSheet,373,2500,Multan
2024-07-17,Towel,395,600,Faisalabad
2024-06-11,Shirt,265,950,Lahore
2024-11-28,Shirt,398,950,Karachi
2024-01-21,Towel,225,600,Lahore
2024-01-18,Trousers,405,1200,Karachi
2024-07-20,Trousers,489,1200,Lahore
2024-02-11,BedSheet,461,2500,Faisalabad
2024-06-08,Towel,421,600,Faisalabad
2024-10-28,BedSheet,243,2500,Faisalabad
2024-09-29,BedSheet,384,2500,Faisalabad
2024-05-13,Trousers,458,1200,Lahore
2024-03-07,BedSheet,290,2500,Karachi
2024-12-20,Trousers,348,1200,Karachi
2024-10-10,Socks,311,200,Karachi
2024-11-08,Towel,410,600,Lahore
2024-04-27,Trousers,363,1200,Karachi
2024-03-15,Socks,384,200,Lahore
2024-10-01,BedSheet,275,2500,Lahore
2024-05-14,BedSheet,296,2500,Lahore
2024-01-06,BedSheet,470,2500,Lahore
2024-10-24,Shirt,142,950,Multan
2024-10-02,Shirt,291,950,Multan
2024-12-29,Trousers,414,1200,Lahore
2024-11-13,Trousers,362,1200,Karachi
2024-03-04,Towel,280,600,Lahore
2024-02-11,Socks,258,200,Faisalabad
2024-08-10,BedSheet,385,2500,Multan
2024-11-23,Towel,442,600,Lahore
2024-10-22,BedSheet,340,2500,Faisalabad
2024-10-27,Trousers,350,1200,Karachi
2024-11-21,Trousers,359,1200,Multan
2024-10-14,Shirt,336,950,Faisalabad
2024-12-25,Towel,263,600,Karachi
2024-03-02,Trousers,340,1200,Karachi
2024-10-07,Shirt,276,950,Karachi
2024-10-21,Trousers,336,1200,Lahore
2024-12-08,Shirt,518,950,Lahore
2024-11-06,Socks,477,200,Karachi
2024-07-07,Towel,459,600,Karachi
2024-12-25,Shirt,426,950,Multan
2024-02-25,Towel,474,600,Karachi
2024-11-10,Trousers,287,1200,Faisalabad
2024-07-28,Towel,349,600,Lahore
2024-03-16,Trousers,446,1200,Multan
2024-05-04,Trousers,356,1200,Lahore
2024-11-25,Towel,256,600,Multan
2024-06-09,Towel,275,600,Karachi
2024-01-11,Socks,327,200,Faisalabad
2024-09-27,Towel,157,600,Lahore
2024-10-09,BedSheet,298,2500,Karachi
2024-05-01,Trousers,251,1200,Faisalabad
2024-07-26,Socks,344,200,Multan
2024-09-01,Shirt,228,950,Karachi
2024-01-27,Trousers,262,1200,Faisalabad
2024-06-28,Shirt,401,950,Multan
2024-05-28,Trousers,244,1200,Multan
2024-09-02,Towel,357,600,Karachi
2024-08-14,Socks,275,200,Karachi
2024-05-30,Shirt,382,950,Multan
2024-05-23,Trousers,323,1200,Karachi
2024-11-06,Shirt,417,950,Karachi
2024-03-22,Towel,321,600,Karachi
2024-07-09,Socks,331,200,Lahore
2024-08-23,Trousers,388,1200,Karachi
2024-01-19,Trousers,414,1200,Karachi
2024-05-19,Socks,540,200,Faisalabad
2024-05-23,Socks,416,200,Karachi
2024-05-25,Trousers,349,1200,Multan
2024-06-06,Towel,420,600,Multan
2024-05-06,BedSheet,413,2500,Karachi
2024-10-05,BedSheet,384,2500,Multan
2024-02-13,Socks,254,200,Multan
2024-08-28,Socks,410,200,Karachi
2024-09-03,Towel,375,600,Multan
2024-12-11,Shirt,444,950,Lahore
2024-09-06,Towel,561,600,Lahore
2024-05-25,BedSheet,409,2500,Faisalabad
2024-01-31,Shirt,384,950,Karachi
2024-05-31,Shirt,343,950,Multan
2024-02-19,Socks,298,200,Lahore
2024-07-14,Towel,335,600,Faisalabad
2024-09-03,Shirt,390,950,Multan
2024-07-01,BedSheet,497,2500,Multan
2024-11-10,Socks,300,200,Multan
2024-02-24,BedSheet,354,2500,Karachi
2024-05-14,Trousers,375,1200,Karachi
2024-11-18,Socks,448,200,Karachi
2024-12-16,Socks,353,200,Lahore
2024-07-29,Socks,400,200,Faisalabad
2024-08-12,Socks,328,200,Multan
2024-07-08,Shirt,534,950,Karachi
2024-12-29,Trousers,458,1200,Lahore
2024-12-02,Shirt,399,950,Faisalabad
2024-01-13,Shirt,353,950,Karachi
2024-02-09,BedSheet,275,2500,Karachi
2024-10-18,BedSheet,396,2500,Multan
2024-11-09,Towel,420,600,Faisalabad
2024-11-27,Towel,430,600,Lahore
2024-12-17,Towel,425,600,Multan
2024-10-14,BedSheet,382,2500,Multan
2024-03-21,Trousers,457,1200,Multan
2024-08-30,Socks,361,200,Lahore
2024-09-01,Shirt,299,950,Faisalabad
2024-03-27,Shirt,388,950,Multan
2024-10-12,Shirt,454,950,Multan
2024-03-04,Shirt,110,950,Multan
2024-09-28,Socks,499,200,Lahore
2024-05-06,Shirt,299,950,Karachi
2024-08-02,Socks,491,200,Faisalabad
2024-12-20,Trousers,379,1200,Multan
2024-01-03,BedSheet,368,2500,Multan
2024-06-09,Socks,243,200,Faisalabad
2024-05-12,Shirt,267,950,Faisalabad
2024-12-17,Shirt,275,950,Lahore
2024-12-13,BedSheet,340,2500,Multan
2024-09-19,Shirt,271,950,Karachi
2024-09-21,Trousers,344,1200,Faisalabad
2024-06-07,Towel,386,600,Lahore
2024-02-23,Shirt,239,950,Faisalabad
2024-05-27,Shirt,275,950,Lahore
2024-06-22,Trousers,383,1200,Faisalabad
2024-11-07,Trousers,379,1200,Karachi
2024-02-15,BedSheet,431,2500,Multan
2024-04-25,Trousers,334,1200,Faisalabad
2024-04-13,Socks,388,200,Faisalabad
2024-05-15,Trousers,361,1200,Multan
2024-09-27,BedSheet,485,2500,Karachi
2024-06-02,BedSheet,270,2500,Faisalabad
2024-04-27,Shirt,331,950,Multan
2024-03-31,Socks,375,200,Faisalabad
2024-06-14,BedSheet,428,2500,Lahore
2024-09-13,BedSheet,143,2500,Karachi
2024-07-05,Shirt,337,950,Karachi
2024-02-21,Towel,283,600,Lahore
2024-01-16,Shirt,408,950,Lahore
2024-12-30,Socks,392,200,Multan
2024-04-04,Towel,238,600,Karachi
2024-07-05,Shirt,413,950,Multan
2024-09-16,Shirt,514,950,Karachi
2024-02-22,Socks,308,200,Faisalabad
2024-06-09,Trousers,311,1200,Lahore
2024-02-24,Socks,370,200,Faisalabad
2024-08-27,Towel,240,600,Lahore
2024-09-08,Shirt,334,950,Faisalabad
2024-04-28,Towel,281,600,Faisalabad
2024-02-07,Socks,328,200,Faisalabad
2024-05-14,Towel,211,600,Multan
2024-03-09,Socks,344,200,Faisalabad
2024-02-03,BedSheet,365,2500,Karachi
2024-05-10,Towel,525,600,Multan
2024-01-16,BedSheet,340,2500,Karachi
2024-02-25,BedSheet,380,2500,Karachi
2024-09-14,Towel,385,600,Lahore
2024-02-06,Shirt,499,950,Faisalabad
2024-03-20,Socks,331,200,Multan
2024-09-05,BedSheet,286,2500,Multan
2024-06-17,Shirt,428,950,Lahore
2024-12-24,Shirt,302,950,Lahore
2024-03-01,Socks,388,200,Lahore
2024-06-26,Socks,488,200,Lahore
2024-11-29,Towel,336,600,Faisalabad
2024-02-24,Towel,379,600,Faisalabad
2024-04-22,BedSheet,437,2500,Lahore
2024-03-15,Shirt,302,950,Karachi
2024-04-14,Trousers,366,1200,Multan
2024-08-03,Towel,486,600,Karachi
2024-11-07,Towel,234,600,Karachi
2024-06-17,BedSheet,334,2500,Multan
2024-09-12,Trousers,340,1200,Karachi
2024-04-18,Towel,412,600,Lahore
2024-07-10,BedSheet,498,2500,Lahore
2024-09-17,Socks,178,200,Multan
2024-03-22,Trousers,413,1200,Lahore
2024-12-11,BedSheet,393,2500,Multan
2024-08-09,BedSheet,327,2500,Multan
2024-08-08,Shirt,393,950,Karachi
2024-05-21,Shirt,439,950,Lahore
2024-02-04,BedSheet,346,2500,Lahore
2024-03-20,Towel,386,600,Karachi
2024-09-30,BedSheet,210,2500,Karachi
2024-07-10,Towel,390,600,Multan
2024-01-11,Socks,218,200,Lahore
2024-08-12,Socks,372,200,Multan
2024-08-18,BedSheet,197,2500,Multan
2024-09-07,Socks,237,200,Multan
2024-10-31,Socks,395,200,Lahore
2024-01-13,Trousers,375,1200,Faisalabad
2024-09-21,BedSheet,407,2500,Karachi
2024-06-27,Trousers,313,1200,Lahore
2024-04-13,Towel,317,600,Multan
2024-07-14,Shirt,259,950,Multan
2024-10-01,Shirt,270,950,Lahore
2024-12-22,Socks,280,200,Faisalabad
2024-05-16,Shirt,222,950,Multan
2024-06-12,Socks,404,200,Faisalabad
2024-10-03,Socks,306,200,Faisalabad
2024-11-28,Towel,298,600,Multan
2024-01-21,BedSheet,320,2500,Lahore
2024-07-15,Trousers,349,1200,Faisalabad
2024-09-12,Shirt,288,950,Karachi
2024-10-28,BedSheet,342,2500,Karachi
2024-07-02,Socks,375,200,Karachi
2024-02-24,Shirt,423,950,Faisalabad
2024-12-02,Trousers,349,1200,Faisalabad
2024-01-03,Trousers,304,1200,Lahore
2024-12-17,Socks,488,200,Lahore
2024-05-23,Socks,181,200,Lahore
2024-11-09,Socks,478,200,Faisalabad
2024-11-24,BedSheet,433,2500,Karachi
2024-07-31,BedSheet,412,2500,Multan
2024-09-27,BedSheet,266,2500,Multan
2024-11-19,Trousers,444,1200,Lahore
2024-06-06,BedSheet,412,2500,Lahore
2024-10-10,BedSheet,406,2500,Lahore
2024-04-26,Shirt,526,950,Karachi
2024-03-25,Trousers,300,1200,Multan
2024-02-09,Socks,480,200,Faisalabad
2024-04-20,Towel,288,600,Karachi
2024-02-23,BedSheet,404,2500,Faisalabad
2024-03-18,Trousers,232,1200,Faisalabad
2024-10-14,BedSheet,381,2500,Lahore
2024-07-19,Towel,302,600,Faisalabad
2024-01-16,Socks,162,200,Faisalabad
2024-12-11,BedSheet,263,2500,Multan
2024-05-14,Towel,394,600,Lahore
2024-11-17,Towel,289,600,Multan
2024-03-20,Socks,362,200,Karachi
2024-10-04,Socks,426,200,Karachi
2024-03-28,Socks,406,200,Multan
2024-01-08,Trousers,400,1200,Karachi
2024-07-08,Socks,351,200,Faisalabad
2024-11-09,Trousers,513,1200,Lahore
2024-10-04,Socks,414,200,Multan
2024-01-29,Trousers,308,1200,Multan
2024-10-23,Socks,374,200,Karachi
2024-07-31,Towel,297,600,Karachi
2024-03-31,BedSheet,375,2500,Karachi
2024-06-03,BedSheet,464,2500,Multan
2024-11-26,Socks,378,200,Lahore
2024-06-05,Towel,329,600,Faisalabad
2024-09-04,Towel,333,600,Multan
2024-12-12,Towel,386,600,Karachi
2024-02-26,Socks,332,200,Lahore
2024-02-16,Socks,400,200,Multan
2024-06-13,Socks,296,200,Karachi
2024-09-20,Trousers,406,1200,Karachi
2024-06-07,Shirt,335,950,Multan
2024-11-07,Towel,301,600,Faisalabad
2024-09-28,BedSheet,253,2500,Faisalabad
2024-06-29,Towel,317,600,Faisalabad
2024-08-14,Towel,469,600,Faisalabad
2024-01-10,Towel,408,600,Faisalabad
2024-09-15,Towel,218,600,Lahore
2024-08-18,Trousers,425,1200,Karachi
2024-01-06,Trousers,362,1200,Multan
2024-12-15,Shirt,402,950,Lahore
2024-05-09,BedSheet,357,2500,Faisalabad
2024-07-13,BedSheet,496,2500,Lahore
2024-05-31,Trousers,449,1200,Multan
2024-02-17,Towel,193,600,Multan
2024-03-05,Trousers,292,1200,Faisalabad
2024-12-29,Towel,334,600,Lahore
2024-05-14,Trousers,504,1200,Lahore
2024-10-24,Shirt,409,950,Lahore
2024-11-13,Shirt,374,950,Faisalabad
2024-06-20,Trousers,316,1200,Multan
2024-02-28,BedSheet,381,2500,Karachi
2024-04-12,Towel,193,600,Karachi
2024-03-18,BedSheet,424,2500,Multan
2024-10-13,Trousers,416,1200,Multan
2024-02-11,Trousers,217,1200,Multan
2024-09-15,Socks,381,200,Lahore
2024-08-31,Trousers,364,1200,Lahore
2024-06-05,Shirt,464,950,Multan
2024-10-10,Shirt,386,950,Faisalabad
2024-03-01,Shirt,300,950,Multan
2024-05-16,Trousers,478,1200,Karachi
2024-12-04,Trousers,344,1200,Karachi
2024-07-25,Socks,327,200,Multan
2024-02-21,Socks,313,200,Karachi
2024-09-13,Towel,445,600,Multan
2024-05-15,Towel,487,600,Faisalabad
2024-03-19,BedSheet,463,2500,Faisalabad
2024-03-09,Shirt,482,950,Lahore
2024-12-01,Trousers,287,1200,Karachi
2024-06-24,BedSheet,192,2500,Faisalabad
2024-04-18,Socks,172,200,Faisalabad
2024-11-29,BedSheet,178,2500,Karachi
2024-07-10,BedSheet,449,2500,Faisalabad
2024-07-13,BedSheet,141,2500,Lahore
2024-09-09,Towel,482,600,Multan
2024-09-04,Towel,353,600,Faisalabad
2024-05-27,Trousers,478,1200,Multan
2024-01-20,Socks,405,200,Karachi
2024-08-03,Socks,442,200,Karachi
2024-08-17,Shirt,251,950,Lahore
2024-09-15,Towel,383,600,Lahore
2024-08-01,Trousers,309,1200,Karachi
2024-02-25,Towel,377,600,Faisalabad
2024-12-10,BedSheet,388,2500,Faisalabad
2024-02-17,BedSheet,253,2500,Karachi
2024-04-23,BedSheet,236,2500,Multan
2024-09-28,Towel,460,600,Multan
2024-11-01,Trousers,549,1200,Karachi
2024-03-31,Shirt,341,950,Faisalabad
2024-04-29,Socks,400,200,Karachi
2024-03-11,Socks,328,200,Lahore
2024-06-13,BedSheet,431,2500,Lahore
2024-05-25,Trousers,487,1200,Faisalabad
2024-01-28,Trousers,332,1200,Karachi
2024-05-29,Trousers,463,1200,Faisalabad
2024-11-12,Socks,489,200,Faisalabad
2024-10-05,Shirt,368,950,Multan
2024-12-05,BedSheet,560,2500,Lahore
2024-11-29,Trousers,404,1200,Multan
2024-11-08,Shirt,394,950,Faisalabad
2024-05-01,Towel,296,600,Multan
2024-01-09,Shirt,297,950,Karachi
2024-11-22,Shirt,362,950,Faisalabad
2024-07-04,Trousers,431,1200,Multan
2024-08-29,BedSheet,361,2500,Multan
2024-09-03,Socks,413,200,Faisalabad
2024-08-27,Socks,318,200,Karachi
2024-11-24,Shirt,307,950,Lahore
2024-11-19,Socks,493,200,Multan
2024-09-02,Shirt,293,950,Multan
2024-02-20,Shirt,333,950,Lahore
2024-07-11,BedSheet,355,2500,Karachi
2024-12-12,Socks,303,200,Karachi
2024-11-28,Socks,182,200,Karachi
2024-07-29,Trousers,344,1200,Multan
2024-02-14,Shirt,423,950,Karachi
2024-12-16,BedSheet,298,2500,Lahore
2024-02-23,Towel,418,600,Faisalabad
2024-05-23,Socks,384,200,Faisalabad
2024-10-03,BedSheet,359,2500,Faisalabad
2024-12-18,Socks,361,200,Faisalabad
2024-11-23,Trousers,327,1200,Multan
2024-08-27,Towel,278,600,Lahore
2024-01-15,Towel,345,600,Faisalabad
2024-05-22,Shirt,348,950,Lahore
2024-02-28,Trousers,282,1200,Karachi
2024-05-13,Socks,331,200,Faisalabad
2024-12-11,Socks,227,200,Karachi
2024-08-15,BedSheet,252,2500,Lahore
2024-10-11,Shirt,396,950,Multan
2024-08-22,Towel,471,600,Multan
2024-10-15,Socks,337,200,Faisalabad
2024-06-23,Socks,385,200,Karachi
2024-11-21,Trousers,288,1200,Faisalabad
2024-12-11,Trousers,348,1200,Karachi
2024-10-28,Towel,245,600,Faisalabad
2024-05-18,Trousers,426,1200,Karachi
2024-03-28,Shirt,479,950,Multan
2024-02-29,Towel,455,600,Faisalabad
2024-05-13,Towel,419,600,Karachi
2024-10-28,Towel,429,600,Faisalabad
2024-08-04,Socks,301,200,Multan
2024-11-01,Towel,258,600,Lahore
2024-10-08,Socks,271,200,Karachi
2024-02-23,Towel,298,600,Multan
2024-02-23,Shirt,364,950,Karachi
2024-04-12,Shirt,574,950,Faisalabad
2024-12-20,Socks,235,200,Lahore
2024-02-07,Trousers,302,1200,Karachi
2024-02-17,Trousers,137,1200,Multan
2024-11-20,BedSheet,346,2500,Karachi
2024-06-02,Trousers,463,1200,Lahore
2024-10-14,Towel,216,600,Faisalabad
2024-10-14,Shirt,317,950,Karachi
2024-12-04,Shirt,242,950,Faisalabad
2024-03-07,Shirt,412,950,Lahore
2024-07-29,BedSheet,397,2500,Multan
2024-08-18,Towel,369,600,Multan
2024-12-11,Socks,287,200,Multan
2024-09-22,BedSheet,275,2500,Lahore
2024-11-19,Socks,323,200,Multan
2024-08-28,Trousers,290,1200,Lahore
2024-01-01,Shirt,232,950,Karachi
2024-09-21,Trousers,301,1200,Karachi
2024-11-13,Socks,365,200,Karachi
2024-05-01,Shirt,308,950,Karachi
2024-03-13,BedSheet,482,2500,Karachi
2024-03-09,Shirt,341,950,Karachi
2024-02-25,Towel,274,600,Karachi
2024-01-28,Trousers,337,1200,Faisalabad
2024-11-07,Towel,360,600,Karachi
2024-10-31,Towel,334,600,Karachi
2024-08-24,Shirt,340,950,Faisalabad
2024-07-07,Socks,160,200,Faisalabad
2024-09-27,BedSheet,328,2500,Karachi
2024-03-18,Towel,263,600,Karachi
2024-07-05,Towel,509,600,Multan
2024-08-30,Trousers,311,1200,Faisalabad
2024-03-01,Socks,359,200,Faisalabad
2024-07-04,Towel,361,600,Faisalabad
2024-07-03,BedSheet,339,2500,Karachi
2024-06-17,Towel,467,600,Faisalabad
2024-01-18,BedSheet,244,2500,Faisalabad
2024-02-02,BedSheet,119,2500,Karachi
2024-08-04,Shirt,453,950,Karachi
2024-01-24,Socks,247,200,Multan
2024-03-14,BedSheet,253,2500,Lahore
2024-05-20,Towel,417,600,Karachi
2024-06-07,Trousers,288,1200,Faisalabad
2024-02-23,Socks,353,200,Karachi
2024-08-31,Shirt,511,950,Karachi
2024-08-24,Shirt,397,950,Multan
2024-06-04,Towel,592,600,Karachi
2024-11-07,BedSheet,307,2500,Lahore
2024-12-22,BedSheet,300,2500,Faisalabad
2024-05-13,Towel,407,600,Faisalabad
2024-06-16,Towel,378,600,Karachi
2024-03-04,Socks,277,200,Karachi
2024-12-04,Socks,138,200,Lahore
2024-11-03,Towel,289,600,Multan
2024-05-04,Trousers,351,1200,Multan
2024-07-26,Towel,408,600,Multan
2024-06-23,BedSheet,318,2500,Multan
2024-05-01,Socks,433,200,Multan
2024-02-05,Shirt,353,950,Karachi
2024-03-08,Towel,295,600,Lahore
2024-01-05,BedSheet,287,2500,Karachi
2024-07-29,Towel,383,600,Karachi
2024-12-26,Trousers,261,1200,Multan
2024-04-09,Towel,215,600,Multan
2024-02-11,BedSheet,410,2500,Karachi
2024-03-17,Socks,509,200,Multan
2024-11-12,Shirt,488,950,Multan
2024-08-12,BedSheet,554,2500,Multan
2024-01-27,Shirt,60,950,Multan
2024-01-17,Trousers,239,1200,Lahore
2024-01-14,Trousers,342,1200,Faisalabad
2024-09-05,Towel,393,600,Faisalabad
2024-11-25,BedSheet,451,2500,Multan
2024-03-29,Socks,315,200,Karachi
2024-01-20,Socks,295,200,Lahore
2024-08-06,BedSheet,327,2500,Karachi
2024-10-31,Towel,387,600,Karachi
2024-04-07,Trousers,424,1200,Karachi
2024-11-06,Shirt,16,950,Karachi
2024-02-24,Socks,224,200,Lahore
2024-05-19,Socks,368,200,Karachi
2024-11-11,Trousers,330,1200,Multan
2024-08-05,Shirt,357,950,Lahore
2024-01-04,Trousers,334,1200,Karachi
2024-04-16,BedSheet,307,2500,Multan
2024-09-29,Socks,279,200,Lahore
2024-11-06,Shirt,384,950,Lahore
2024-05-23,Towel,306,600,Karachi
2024-01-25,Towel,287,600,Faisalabad
2024-03-17,Trousers,303,1200,Lahore
2024-06-28,Trousers,343,1200,Multan
2024-01-09,Towel,265,600,Lahore
2024-06-16,Socks,245,200,Multan
2024-02-11,Towel,192,600,Faisalabad
2024-08-22,Towel,220,600,Karachi
2024-07-11,Shirt,287,950,Karachi
2024-08-16,Trousers,306,1200,Multan
2024-04-14,Trousers,253,1200,Karachi
2024-04-22,Socks,457,200,Lahore
2024-05-24,BedSheet,257,2500,Lahore
2024-02-21,BedSheet,349,2500,Lahore
2024-04-28,Trousers,351,1200,Multan
2024-06-09,Shirt,404,950,Karachi
2024-10-17,BedSheet,337,2500,Lahore
2024-11-26,Trousers,307,1200,Multan
2024-07-28,Socks,367,200,Multan
2024-11-28,BedSheet,290,2500,Karachi
2024-03-28,Shirt,291,950,Faisalabad
2024-02-11,Socks,408,200,Faisalabad
2024-09-21,BedSheet,395,2500,Lahore
2024-06-28,Socks,469,200,Lahore
2024-06-20,Towel,462,600,Faisalabad
2024-06-09,Towel,484,600,Karachi
2024-09-01,Shirt,427,950,Karachi
2024-05-07,Socks,354,200,Karachi
2024-02-25,Shirt,301,950,Lahore
2024-05-01,Towel,253,600,Faisalabad
2024-10-09,Shirt,421,950,Multan
2024-08-13,Shirt,387,950,Lahore
2024-08-23,Socks,308,200,Karachi
2024-08-25,Trousers,436,1200,Faisalabad
2024-12-31,Towel,348,600,Multan
2024-03-09,BedSheet,420,2500,Karachi
2024-06-03,Shirt,333,950,Karachi
2024-04-30,Towel,301,600,Multan
2024-11-20,Trousers,339,1200,Karachi
2024-11-30,Socks,486,200,Multan
2024-01-11,Shirt,415,950,Multan
2024-11-24,Shirt,451,950,Faisalabad
2024-12-16,BedSheet,344,2500,Multan
2024-03-01,Socks,446,200,Multan
2024-01-31,Shirt,289,950,Karachi
2024-05-05,Towel,295,600,Karachi
2024-07-16,Shirt,353,950,Karachi
2024-10-02,BedSheet,417,2500,Lahore
2024-05-31,Shirt,511,950,Karachi
2024-09-30,Towel,265,600,Karachi
2024-11-10,Trousers,343,1200,Multan
2024-11-12,Socks,278,200,Multan
2024-01-23,Towel,492,600,Faisalabad
2024-07-27,Trousers,282,1200,Multan
2024-01-19,BedSheet,369,2500,Karachi
2024-03-15,Trousers,289,1200,Karachi
2024-11-03,Trousers,296,1200,Multan
2024-09-06,Trousers,373,1200,Faisalabad
2024-12-04,Shirt,445,950,Multan
2024-06-03,Shirt,429,950,Multan
2024-09-30,BedSheet,531,2500,Lahore
2024-02-22,Socks,312,200,Faisalabad
2024-05-26,Towel,401,600,Karachi
2024-04-23,Towel,445,600,Karachi
2024-10-23,Socks,363,200,Multan
2024-11-07,BedSheet,425,2500,Karachi
2024-09-06,Towel,479,600,Multan
2024-09-25,Shirt,242,950,Multan
2024-01-09,Trousers,386,1200,Faisalabad
2024-03-31,BedSheet,475,2500,Karachi
2024-03-24,Towel,326,600,Multan
2024-04-10,Trousers,466,1200,Lahore
2024-12-08,BedSheet,406,2500,Multan
2024-09-08,Socks,566,200,Karachi
2024-09-14,Socks,327,200,Lahore
2024-08-02,Trousers,217,1200,Lahore
2024-03-13,Socks,321,200,Lahore
2024-02-01,BedSheet,408,2500,Lahore
2024-02-08,Socks,403,200,Lahore
2024-01-08,Shirt,452,950,Lahore
2024-06-13,BedSheet,401,2500,Lahore
2024-06-15,Shirt,423,950,Lahore
2024-01-29,Shirt,391,950,Faisalabad
2024-12-01,Trousers,286,1200,Multan
2024-04-07,Shirt,382,950,Karachi
2024-04-04,Trousers,387,1200,Faisalabad
2024-06-28,Socks,194,200,Faisalabad
2024-12-04,Shirt,313,950,Karachi
2024-12-17,Towel,251,600,Karachi
2024-10-09,Towel,288,600,Karachi
2024-07-12,Towel,240,600,Faisalabad
2024-01-31,Socks,235,200,Lahore
2024-01-23,Towel,159,600,Multan
2024-06-21,BedSheet,278,2500,Faisalabad
2024-02-15,Trousers,305,1200,Faisalabad
2024-04-15,Shirt,438,950,Karachi
2024-10-02,BedSheet,295,2500,Karachi
2024-04-23,BedSheet,300,2500,Lahore
2024-10-26,Trousers,347,1200,Karachi
2024-12-03,Trousers,329,1200,Multan
2024-06-21,Socks,315,200,Multan
2024-08-14,Towel,159,600,Faisalabad
2024-02-18,BedSheet,403,2500,Karachi
2024-02-04,Towel,380,600,Multan
2024-12-02,BedSheet,388,2500,Karachi
2024-06-23,BedSheet,302,2500,Faisalabad
2024-09-10,BedSheet,370,2500,Faisalabad
2024-01-18,Towel,409,600,Karachi
2024-11-25,Trousers,599,1200,Lahore
2024-06-17,BedSheet,396,2500,Multan
2024-04-28,Socks,335,200,Lahore
2024-11-15,Trousers,367,1200,Faisalabad
2024-05-11,Socks,424,200,Multan
2024-03-18,Trousers,348,1200,Karachi
2024-07-15,Shirt,160,950,Faisalabad
2024-12-19,Towel,326,600,Karachi
2024-07-01,BedSheet,433,2500,Lahore
2024-06-24,Towel,333,600,Faisalabad
2024-01-23,Shirt,284,950,Karachi
2024-08-14,BedSheet,356,2500,Multan
2024-01-05,Socks,499,200,Faisalabad
2024-06-03,Towel,232,600,Lahore
2024-03-06,Trousers,316,1200,Multan
2024-03-08,Shirt,402,950,Faisalabad
2024-02-13,Trousers,469,1200,Multan
2024-03-04,Socks,482,200,Multan
2024-01-21,Socks,316,200,Karachi
2024-09-04,Shirt,382,950,Karachi
2024-02-02,BedSheet,330,2500,Faisalabad
2024-02-04,BedSheet,349,2500,Karachi
2024-05-10,Trousers,279,1200,Lahore
2024-01-03,BedSheet,298,2500,Lahore
2024-09-13,Towel,313,600,Karachi
2024-05-17,Shirt,285,950,Lahore
2024-05-28,Towel,300,600,Karachi
2024-08-25,Towel,198,600,Karachi
2024-05-10,Socks,342,200,Lahore
2024-05-15,Shirt,259,950,Multan
2024-10-14,Towel,529,600,Karachi
2024-08-12,Socks,429,200,Faisalabad
2024-10-01,Trousers,413,1200,Karachi
2024-09-24,Shirt,345,950,Faisalabad
2024-10-29,Trousers,496,1200,Multan
2024-08-28,Socks,345,200,Faisalabad
2024-04-04,Socks,279,200,Karachi
2024-07-13,Trousers,246,1200,Faisalabad
2024-09-13,Socks,225,200,Lahore
2024-09-25,Shirt,295,950,Multan
2024-09-17,Towel,365,600,Lahore
2024-10-06,Socks,287,200,Multan
2024-09-18,Shirt,337,950,Lahore
2024-11-06,BedSheet,232,2500,Faisalabad
2024-02-17,Towel,440,600,Lahore
2024-05-14,Trousers,279,1200,Karachi
2024-08-21,Socks,210,200,Faisalabad
2024-05-30,BedSheet,307,2500,Multan
2024-11-30,Socks,113,200,Karachi
2024-10-06,Towel,269,600,Lahore
2024-02-06,Towel,231,600,Multan
2024-10-28,Trousers,421,1200,Multan
2024-05-25,Shirt,324,950,Multan
2024-12-20,Towel,430,600,Multan
2024-11-02,Towel,318,600,Karachi
2024-05-27,Trousers,419,1200,Faisalabad
2024-12-08,Towel,227,600,Karachi
2024-01-28,Socks,370,200,Multan
2024-05-11,Towel,433,600,Faisalabad
2024-12-27,Shirt,392,950,Multan
2024-02-14,BedSheet,418,2500,Karachi
2024-08-12,BedSheet,414,2500,Multan
2024-07-26,Shirt,306,950,Karachi
2024-06-30,Trousers,414,1200,Multan
2024-09-01,BedSheet,353,2500,Multan
2024-04-03,Socks,416,200,Karachi
2024-11-14,Shirt,276,950,Karachi
2024-07-01,BedSheet,306,2500,Lahore
2024-12-30,Trousers,281,1200,Karachi
2024-04-27,Socks,326,200,Karachi
2024-08-30,Trousers,420,1200,Lahore
2024-08-23,Shirt,340,950,Karachi
2024-09-16,Socks,300,200,Faisalabad
2024-04-28,Shirt,453,950,Multan
2024-08-20,Shirt,529,950,Karachi
2024-07-11,Socks,341,200,Lahore
2024-06-23,Trousers,323,1200,Karachi
2024-01-13,Trousers,420,1200,Karachi
2024-09-18,BedSheet,289,2500,Lahore
2024-07-10,BedSheet,289,2500,Karachi
2024-09-16,Trousers,213,1200,Lahore
2024-03-11,Towel,364,600,Lahore
2024-08-06,BedSheet,473,2500,Multan
2024-10-01,BedSheet,264,2500,Karachi
2024-10-21,Towel,211,600,Faisalabad
2024-09-24,Towel,449,600,Lahore
2024-02-10,Towel,427,600,Multan
2024-04-26,BedSheet,384,2500,Faisalabad
2024-02-28,Trousers,311,1200,Lahore
2024-05-20,Towel,275,600,Multan
2024-10-17,Towel,258,600,Faisalabad
2024-05-22,Trousers,483,1200,Multan
2024-10-22,Socks,500,200,Karachi
2024-11-30,Socks,427,200,Karachi
2024-11-30,Shirt,246,950,Multan
2024-01-06,Shirt,336,950,Faisalabad
2024-07-19,Trousers,197,1200,Karachi
2024-07-31,Socks,460,200,Lahore
2024-01-28,Towel,434,600,Faisalabad
2024-12-09,Shirt,501,950,Multan
2024-04-11,Shirt,373,950,Karachi
2024-12-11,Trousers,449,1200,Multan
2024-11-03,Socks,517,200,Lahore
2024-11-01,Trousers,314,1200,Multan
2024-12-06,BedSheet,390,2500,Karachi
2024-08-15,Trousers,220,1200,Multan
2024-11-12,Shirt,447,950,Karachi
2024-12-13,Shirt,336,950,Multan
2024-02-22,Towel,326,600,Lahore
2024-01-14,Socks,345,200,Karachi
2024-10-19,BedSheet,464,2500,Karachi
2024-01-06,BedSheet,312,2500,Faisalabad
2024-12-07,Socks,422,200,Faisalabad
2024-11-06,Towel,445,600,Karachi
2024-09-01,BedSheet,375,2500,Karachi
2024-01-09,BedSheet,418,2500,Multan
2024-04-09,Socks,229,200,Lahore
2024-08-23,Shirt,477,950,Lahore
2024-11-11,Towel,353,600,Multan
2024-12-17,Shirt,274,950,Lahore
2024-10-18,Shirt,305,950,Faisalabad
2024-04-30,Shirt,453,950,Multan
2024-09-07,Towel,265,600,Faisalabad
2024-03-12,Towel,254,600,Multan
2024-08-31,Towel,367,600,Multan
2024-10-02,Trousers,248,1200,Faisalabad
2024-02-08,Trousers,314,1200,Lahore
2024-07-20,Shirt,367,950,Multan
2024-08-23,Towel,378,600,Karachi
2024-12-28,Towel,317,600,Faisalabad
2024-11-23,BedSheet,327,2500,Lahore
2024-03-30,Trousers,382,1200,Multan
2024-10-26,Towel,402,600,Karachi
2024-01-18,Towel,292,600,Faisalabad
2024-07-02,BedSheet,484,2500,Multan
2024-08-12,Shirt,396,950,Lahore
2024-04-04,Towel,386,600,Faisalabad
2024-01-02,Socks,322,200,Lahore
2024-02-09,Shirt,259,950,Faisalabad
2024-07-11,BedSheet,338,2500,Lahore
2024-06-08,Socks,373,200,Lahore
2024-01-11,Shirt,330,950,Faisalabad
2024-01-07,Socks,214,200,Faisalabad
2024-04-26,Trousers,348,1200,Lahore
2024-05-16,Towel,350,600,Lahore
2024-04-16,Trousers,438,1200,Karachi
2024-02-28,Trousers,310,1200,Karachi
2024-06-06,Shirt,535,950,Karachi
2024-06-18,Socks,331,200,Lahore
2024-07-17,Socks,456,200,Lahore
2024-05-17,Trousers,233,1200,Karachi
2024-05-24,Shirt,425,950,Karachi
2024-05-12,Socks,263,200,Karachi
2024-01-31,Socks,320,200,Lahore
2024-02-16,Trousers,503,1200,Karachi
2024-06-17,BedSheet,198,2500,Karachi
2024-05-29,Towel,353,600,Faisalabad
2024-11-29,Trousers,489,1200,Lahore
2024-07-16,Trousers,553,1200,Faisalabad
2024-01-31,Shirt,296,950,Lahore
2024-06-10,BedSheet,375,2500,Faisalabad
2024-11-26,Trousers,368,1200,Lahore
2024-03-18,BedSheet,383,2500,Faisalabad
2024-04-22,Trousers,366,1200,Faisalabad
2024-12-23,Socks,435,200,Lahore
2024-08-09,BedSheet,388,2500,Multan
2024-08-29,Trousers,373,1200,Karachi
2024-04-15,Shirt,278,950,Lahore
2024-05-28,Socks,267,200,Faisalabad
2024-01-08,Socks,411,200,Multan
2024-02-02,Trousers,384,1200,Lahore
2024-12-08,Trousers,277,1200,Multan
2024-10-12,BedSheet,261,2500,Faisalabad
2024-03-24,BedSheet,271,2500,Faisalabad
2024-01-29,Towel,367,600,Multan
2024-04-02,Socks,412,200,Karachi
2024-02-11,Trousers,431,1200,Multan
2024-02-16,Towel,379,600,Lahore
2024-12-26,Trousers,515,1200,Lahore
2024-12-17,Shirt,378,950,Multan
2024-08-30,Towel,320,600,Multan
2024-09-17,Towel,364,600,Multan
2024-11-18,Shirt,351,950,Lahore
2024-11-12,Trousers,457,1200,Faisalabad
2024-10-28,Towel,242,600,Faisalabad
2024-02-28,BedSheet,222,2500,Faisalabad
2024-08-15,Towel,292,600,Karachi
2024-07-17,Socks,410,200,Lahore
2024-05-06,Socks,402,200,Lahore
2024-09-18,Shirt,200,950,Lahore
2024-11-22,Trousers,376,1200,Lahore
2024-04-11,Socks,226,200,Multan
2024-07-19,Trousers,205,1200,Multan
2024-06-24,Socks,243,200,Multan
2024-08-08,Towel,391,600,Multan
2024-01-01,Towel,223,600,Karachi
2024-11-06,BedSheet,339,2500,Karachi
2024-09-17,Socks,434,200,Multan
2024-10-31,BedSheet,329,2500,Karachi
2024-05-21,Trousers,427,1200,Lahore
2024-11-15,Socks,287,200,Multan
2024-11-21,Socks,231,200,Karachi
2024-09-27,BedSheet,252,2500,Lahore
2024-10-13,Towel,468,600,Lahore
2024-04-23,BedSheet,476,2500,Lahore
2024-05-03,Socks,396,200,Multan
2024-10-30,Towel,300,600,Multan
2024-03-13,Shirt,266,950,Multan
2024-11-02,Shirt,202,950,Faisalabad
2024-11-12,Socks,310,200,Lahore
2024-01-10,BedSheet,470,2500,Faisalabad
2024-10-27,Socks,316,200,Multan
2024-06-14,BedSheet,322,2500,Faisalabad
2024-12-06,Trousers,170,1200,Karachi
2024-11-18,Shirt,314,950,Karachi
2024-12-09,Trousers,360,1200,Faisalabad
2024-11-16,Socks,473,200,Karachi
2024-08-21,Socks,456,200,Faisalabad
2024-06-07,BedSheet,133,2500,Karachi
2024-02-04,Trousers,327,1200,Karachi
2024-02-21,Trousers,276,1200,Lahore
2024-06-15,Trousers,400,1200,Karachi
2024-11-12,Shirt,265,950,Karachi
2024-11-28,Shirt,563,950,Faisalabad
2024-12-24,Trousers,446,1200,Faisalabad
2024-02-10,Shirt,265,950,Karachi
2024-07-01,Socks,317,200,Faisalabad
2024-08-19,Shirt,297,950,Multan
2024-05-22,BedSheet,438,2500,Multan
2024-07-05,BedSheet,386,2500,Multan
2024-12-12,Shirt,334,950,Multan
2024-12-22,Towel,252,600,Faisalabad
2024-12-06,Shirt,262,950,Karachi
2024-05-22,Socks,368,200,Lahore
2024-10-08,Towel,420,600,Lahore
2024-11-27,BedSheet,479,2500,Multan
2024-05-19,Shirt,199,950,Lahore
2024-10-14,Shirt,355,950,Lahore
2024-12-05,Trousers,272,1200,Multan
2024-01-23,BedSheet,465,2500,Lahore
2024-05-16,BedSheet,391,2500,Lahore
2024-11-17,Towel,100,600,Faisalabad
2024-08-27,BedSheet,340,2500,Multan
2024-04-14,Socks,244,200,Faisalabad
2024-04-23,Towel,474,600,Karachi
2024-07-14,Trousers,335,1200,Lahore
2024-07-25,Towel,360,600,Multan
2024-05-19,Socks,337,200,Multan
2024-04-16,Shirt,211,950,Multan
2024-06-05,Towel,397,600,Karachi
2024-03-28,Socks,380,200,Lahore
2024-08-30,Towel,485,600,Karachi
2024-04-18,Towel,342,600,Faisalabad
2024-09-23,Trousers,326,1200,Faisalabad
2024-03-22,Trousers,287,1200,Karachi
2024-06-08,Socks,245,200,Faisalabad
2024-08-06,Shirt,486,950,Karachi
2024-03-25,Shirt,431,950,Karachi
2024-02-09,Shirt,346,950,Faisalabad
2024-02-13,Towel,324,600,Lahore
2024-08-03,Shirt,277,950,Faisalabad
2024-06-13,BedSheet,302,2500,Faisalabad
2024-10-03,BedSheet,318,2500,Lahore
2024-03-01,Shirt,348,950,Karachi
2024-12-15,BedSheet,422,2500,Karachi
2024-10-29,BedSheet,257,2500,Karachi
2024-06-13,Trousers,585,1200,Karachi
2024-02-10,Shirt,198,950,Multan
2024-04-12,Shirt,404,950,Lahore
2024-11-17,Socks,282,200,Lahore
2024-08-29,Shirt,228,950,Faisalabad
2024-12-19,Shirt,332,950,Karachi
2024-09-05,Socks,399,200,Karachi
2024-05-09,Socks,270,200,Karachi
2024-11-02,Socks,346,200,Multan
2024-10-17,Trousers,375,1200,Multan
2024-05-01,Trousers,210,1200,Lahore
2024-07-05,Towel,252,600,Lahore
2024-06-10,Shirt,296,950,Lahore
2024-02-09,Towel,357,600,Faisalabad
2024-02-11,BedSheet,236,2500,Faisalabad
2024-04-16,Trousers,216,1200,Lahore
2024-01-29,Towel,528,600,Faisalabad
2024-04-08,Shirt,342,950,Lahore
2024-06-28,Shirt,292,950,Karachi
2024-02-29,Trousers,303,1200,Karachi
2024-01-10,BedSheet,305,2500,Faisalabad
2024-02-06,Trousers,446,1200,Multan
2024-02-23,Trousers,459,1200,Faisalabad
2024-10-25,Socks,438,200,Karachi
2024-01-06,Trousers,577,1200,Karachi
2024-12-12,Towel,406,600,Faisalabad
2024-04-19,Towel,402,600,Faisalabad
2024-12-22,Shirt,218,950,Karachi
2024-10-14,Trousers,475,1200,Karachi
2024-06-29,Shirt,202,950,Faisalabad
2024-04-16,Towel,321,600,Multan
2024-05-19,Trousers,378,1200,Multan
2024-05-06,Shirt,360,950,Faisalabad
2024-05-02,BedSheet,307,2500,Multan
2024-11-24,Trousers,304,1200,Faisalabad
2024-07-25,Socks,285,200,Multan
2024-03-23,BedSheet,246,2500,Lahore
2024-01-11,Trousers,426,1200,Faisalabad
2024-01-22,Shirt,298,950,Faisalabad
2024-07-24,BedSheet,357,2500,Multan
2024-02-12,Trousers,455,1200,Faisalabad
2024-05-08,Socks,421,200,Lahore
2024-12-28,Trousers,502,1200,Karachi
2024-11-24,BedSheet,430,2500,Faisalabad
2024-08-28,Towel,243,600,Karachi
2024-07-24,Shirt,355,950,Lahore
2024-01-01,Shirt,297,950,Faisalabad
2024-08-28,Socks,384,200,Multan
2024-06-08,Trousers,302,1200,Lahore
2024-06-30,Trousers,493,1200,Karachi
2024-04-04,BedSheet,510,2500,Karachi
2024-04-23,Socks,294,200,Multan
2024-05-08,Towel,261,600,Multan
2024-07-08,Trousers,326,1200,Karachi
2024-01-16,Trousers,343,1200,Faisalabad
2024-10-10,Trousers,314,1200,Multan
2024-08-17,Towel,516,600,Multan
2024-03-08,BedSheet,340,2500,Faisalabad
2024-02-09,Socks,310,200,Multan
2024-05-14,BedSheet,430,2500,Karachi
2024-09-14,Trousers,341,1200,Lahore
2024-01-23,BedSheet,412,2500,Lahore
2024-05-12,Socks,304,200,Multan
2024-02-17,BedSheet,473,2500,Lahore
2024-09-21,Towel,392,600,Faisalabad
2024-07-27,BedSheet,349,2500,Lahore
2024-03-28,Towel,175,600,Faisalabad
2024-06-22,BedSheet,419,2500,Multan
2024-12-05,Towel,343,600,Multan
2024-08-25,Trousers,424,1200,Faisalabad
2024-04-26,Towel,364,600,Faisalabad
2024-05-10,BedSheet,309,2500,Karachi
2024-12-18,Trousers,284,1200,Multan
2024-06-12,BedSheet,333,2500,Lahore
2024-09-26,Towel,442,600,Karachi
2024-09-09,Towel,304,600,Lahore
2024-10-17,Socks,391,200,Faisalabad
2024-09-19,Trousers,480,1200,Karachi
2024-01-08,Socks,367,200,Karachi
2024-12-15,Shirt,414,950,Karachi
2024-06-01,Shirt,361,950,Karachi
2024-12-03,Trousers,307,1200,Karachi
2024-11-22,BedSheet,329,2500,Lahore
2024-06-13,BedSheet,440,2500,Faisalabad
2024-11-18,Shirt,307,950,Lahore
2024-07-03,Socks,414,200,Lahore
2024-02-02,Trousers,317,1200,Karachi
2024-07-28,Shirt,202,950,Karachi
2024-10-18,Towel,354,600,Lahore
2024-04-30,Towel,355,600,Lahore
2024-02-02,Shirt,327,950,Karachi
2024-08-05,Socks,289,200,Karachi
2024-05-18,BedSheet,354,2500,Multan
2024-04-09,Socks,444,200,Lahore
2024-01-25,BedSheet,322,2500,Faisalabad
2024-12-02,Shirt,275,950,Karachi
2024-03-26,BedSheet,332,2500,Multan
2024-11-12,Towel,402,600,Multan
2024-12-26,Trousers,397,1200,Karachi
2024-06-03,BedSheet,189,2500,Faisalabad
2024-01-10,Socks,264,200,Karachi
2024-03-18,BedSheet,259,2500,Lahore
2024-02-28,BedSheet,266,2500,Lahore
2024-08-13,BedSheet,284,2500,Faisalabad
2024-09-16,Shirt,349,950,Multan
2024-06-14,BedSheet,250,2500,Lahore
2024-01-07,Shirt,310,950,Faisalabad
2024-07-19,Trousers,432,1200,Faisalabad
2024-07-30,Trousers,274,1200,Faisalabad
2024-10-21,Socks,350,200,Karachi
2024-12-29,Socks,330,200,Faisalabad
2024-05-22,Socks,370,200,Karachi
2024-08-23,Trousers,432,1200,Lahore
2024-07-05,BedSheet,319,2500,Lahore
2024-12-21,Socks,361,200,Lahore
2024-09-14,Towel,411,600,Karachi
2024-09-18,Trousers,328,1200,Karachi
2024-10-14,Socks,485,200,Lahore
2024-08-15,Socks,163,200,Faisalabad
2024-01-21,BedSheet,295,2500,Lahore
2024-06-27,Trousers,299,1200,Multan
2024-12-06,Trousers,391,1200,Faisalabad
2024-06-26,Shirt,338,950,Multan
2024-02-10,Shirt,361,950,Karachi
2024-05-08,BedSheet,276,2500,Faisalabad
2024-03-18,BedSheet,168,2500,Faisalabad
2024-06-22,Shirt,414,950,Karachi
2024-03-26,Towel,394,600,Faisalabad
2024-09-16,Towel,311,600,Lahore
2024-06-18,Shirt,270,950,Lahore
2024-01-01,Socks,379,200,Faisalabad
2024-02-26,Socks,116,200,Lahore
2024-01-01,Shirt,427,950,Faisalabad
2024-04-09,Socks,389,200,Karachi
2024-05-24,Trousers,425,1200,Lahore
2024-01-13,Shirt,203,950,Karachi
2024-08-24,Shirt,463,950,Faisalabad
2024-06-19,Towel,354,600,Faisalabad
2024-11-18,Socks,339,200,Lahore
2024-08-28,Socks,426,200,Multan
2024-12-17,Socks,429,200,Multan
2024-02-06,Shirt,371,950,Lahore
2024-06-03,Towel,345,600,Faisalabad
2024-02-12,Towel,314,600,Lahore
2024-10-13,Trousers,306,1200,Karachi
2024-02-02,Socks,272,200,Lahore
2024-08-24,Trousers,348,1200,Multan
2024-11-11,Shirt,339,950,Karachi
2024-04-20,Trousers,330,1200,Lahore
2024-07-24,Towel,270,600,Faisalabad
2024-08-09,BedSheet,283,2500,Multan
2024-03-09,Towel,452,600,Faisalabad
2024-01-02,BedSheet,302,2500,Multan
2024-02-18,Shirt,258,950,Multan
2024-06-20,Trousers,355,1200,Multan
2024-02-17,Trousers,425,1200,Faisalabad
2024-11-10,Towel,372,600,Lahore
2024-04-02,Trousers,514,1200,Faisalabad
2024-09-09,BedSheet,467,2500,Karachi
2024-08-18,Socks,318,200,Karachi
2024-04-29,Socks,310,200,Lahore
2024-09-22,Shirt,245,950,Multan
2024-12-07,Towel,285,600,Multan
2024-12-27,Trousers,467,1200,Multan
2024-11-14,Trousers,365,1200,Karachi
2024-12-08,Shirt,414,950,Faisalabad
2024-12-16,Shirt,381,950,Karachi
2024-06-07,Socks,358,200,Multan
2024-10-14,BedSheet,356,2500,Karachi
2024-05-30,BedSheet,466,2500,Lahore
2024-03-11,Shirt,328,950,Karachi
2024-06-04,BedSheet,412,2500,Lahore
2024-04-28,Trousers,409,1200,Multan
2024-02-14,Towel,123,600,Multan
2024-06-07,Shirt,237,950,Faisalabad
2024-05-31,Towel,439,600,Karachi
2024-01-27,Trousers,378,1200,Multan
2024-11-16,Shirt,389,950,Faisalabad
2024-07-05,Trousers,340,1200,Faisalabad
2024-07-26,Trousers,327,1200,Multan
2024-01-14,Socks,453,200,Faisalabad
2024-07-02,Towel,244,600,Faisalabad
2024-11-20,Socks,365,200,Faisalabad
2024-09-05,Shirt,260,950,Multan
2024-11-16,Trousers,274,1200,Karachi
2024-07-12,Towel,312,600,Karachi
2024-12-11,Trousers,325,1200,Multan
2024-04-20,Socks,309,200,Multan
2024-06-09,Socks,214,200,Faisalabad
2024-06-09,BedSheet,404,2500,Karachi
2024-11-23,Trousers,414,1200,Faisalabad
2024-01-20,Towel,474,600,Karachi
2024-10-09,Towel,270,600,Lahore
2024-11-17,BedSheet,325,2500,Multan
2024-06-26,Trousers,298,1200,Karachi
2024-12-18,BedSheet,473,2500,Karachi
2024-08-25,BedSheet,257,2500,Multan
2024-08-23,Trousers,343,1200,Faisalabad
2024-03-19,Trousers,261,1200,Faisalabad
2024-06-06,Towel,213,600,Karachi
2024-01-20,Shirt,405,950,Karachi
2024-07-12,Towel,229,600,Multan
2024-05-06,Towel,454,600,Lahore
2024-10-06,Shirt,329,950,Karachi
2024-07-06,BedSheet,409,2500,Karachi
2024-04-01,Shirt,221,950,Multan
2024-11-17,Towel,429,600,Lahore
2024-08-25,Socks,248,200,Multan
2024-09-30,Towel,461,600,Karachi
2024-06-20,BedSheet,427,2500,Faisalabad
2024-06-10,Shirt,248,950,Faisalabad
2024-08-20,BedSheet,317,2500,Lahore
2024-03-06,BedSheet,359,2500,Lahore
2024-05-15,Shirt,462,950,Lahore
2024-12-03,Towel,339,600,Karachi
2024-10-20,BedSheet,408,2500,Lahore
2024-05-27,Trousers,231,1200,Faisalabad
2024-03-10,Socks,356,200,Lahore
2024-05-28,Trousers,465,1200,Lahore
2024-10-31,Trousers,446,1200,Karachi
2024-12-04,Socks,350,200,Faisalabad
2024-03-26,Socks,369,200,Multan
2024-05-17,Towel,170,600,Lahore
2024-11-21,BedSheet,514,2500,Karachi
2024-07-28,Socks,341,200,Faisalabad
2024-09-08,Shirt,185,950,Lahore
2024-04-30,Socks,433,200,Multan
2024-11-03,Shirt,479,950,Faisalabad
2024-09-25,Towel,352,600,Faisalabad
2024-05-24,Trousers,219,1200,Faisalabad
2024-05-24,Towel,485,600,Faisalabad
2024-04-05,BedSheet,215,2500,Karachi
2024-06-14,BedSheet,404,2500,Lahore
2024-03-29,BedSheet,392,2500,Multan
2024-11-25,Trousers,307,1200,Multan
2024-07-06,Socks,272,200,Lahore
2024-08-25,BedSheet,323,2500,Faisalabad
2024-07-15,Shirt,358,950,Lahore
